influence,beta,gamma,dt,avgI,cost(s),,,influence,beta,gamma,dt
0.5,0.001,0.001,0.1,0.795506,0.00717125,,,0.5,0.4,0.4,0.1
0.5,0.01,0.01,0.01,0.795506,0.0715492,,,0.3,0.2,0.2,0.01
0.5,0.01,0.001,0.01,0.795506,0.0716464,,,0.1,0.1,0.1,0.005
0.5,0.01,0.005,0.01,0.795506,0.0729027,,,0.05,0.05,0.05,0.001
0.5,0.1,0.05,0.001,0.795506,0.66448,,,0.01,0.01,0.01,
0.5,0.1,0.01,0.001,0.795506,0.688104,,,,0.005,0.005,
0.5,0.1,0.1,0.001,0.795506,0.698006,,,,0.001,0.001,
0.5,0.1,0.001,0.001,0.795506,0.699914,,,,,,
0.5,0.1,0.005,0.001,0.795506,0.701238,,,,,,
0.5,0.1,0.2,0.001,0.795505,0.692146,,,,,,
0.5,0.1,0.4,0.001,0.795503,0.70106,,,,,,
0.5,0.001,0.005,0.1,0.795502,0.00747235,,,,,,
0.5,0.01,0.05,0.01,0.795502,0.0715166,,,,,,
0.5,0.001,0.01,0.1,0.795498,0.00679057,,,,,,
0.5,0.01,0.1,0.01,0.795498,0.0694333,,,,,,
0.5,0.01,0.2,0.01,0.795491,0.0689988,,,,,,
0.5,0.01,0.4,0.01,0.795475,0.0710187,,,,,,
0.5,0.001,0.05,0.1,0.795467,0.0067538,,,,,,
0.5,0.001,0.1,0.1,0.795429,0.00717926,,,,,,
0.5,0.001,0.2,0.1,0.795352,0.00708823,,,,,,
0.5,0.001,0.4,0.1,0.794868,0.00757701,,,,,,
0.3,0.01,0.005,0.01,0.790451,0.0685276,,,,,,
0.3,0.01,0.001,0.01,0.790451,0.070762,,,,,,
0.3,0.1,0.005,0.001,0.790451,0.690259,,,,,,
0.3,0.1,0.05,0.001,0.790451,0.691573,,,,,,
0.3,0.1,0.001,0.001,0.790451,0.69356,,,,,,
0.3,0.1,0.01,0.001,0.790451,0.696637,,,,,,
0.3,0.001,0.001,0.1,0.79045,0.00686603,,,,,,
0.3,0.01,0.01,0.01,0.79045,0.0696604,,,,,,
0.3,0.1,0.1,0.001,0.79045,0.697646,,,,,,
0.3,0.1,0.2,0.001,0.790448,0.694069,,,,,,
0.3,0.1,0.4,0.001,0.790444,0.688628,,,,,,
0.3,0.001,0.005,0.1,0.790443,0.00725944,,,,,,
0.3,0.01,0.05,0.01,0.790443,0.0721773,,,,,,
0.3,0.001,0.01,0.1,0.790434,0.00689884,,,,,,
0.3,0.01,0.1,0.01,0.790434,0.0725017,,,,,,
0.3,0.01,0.2,0.01,0.790416,0.0696096,,,,,,
0.3,0.01,0.4,0.01,0.79038,0.0709025,,,,,,
0.3,0.001,0.05,0.1,0.790362,0.00690797,,,,,,
0.3,0.001,0.1,0.1,0.790274,0.00727764,,,,,,
0.3,0.001,0.2,0.1,0.790097,0.00714407,,,,,,
0.3,0.001,0.4,0.1,0.78941,0.00724299,,,,,,
0.1,0.01,0.001,0.01,0.785395,0.0691088,,,,,,
0.1,0.1,0.005,0.001,0.785395,0.696087,,,,,,
0.1,0.1,0.001,0.001,0.785395,0.696588,,,,,,
0.1,0.1,0.01,0.001,0.785395,0.697702,,,,,,
0.1,0.01,0.005,0.01,0.785394,0.0675957,,,,,,
0.1,0.1,0.05,0.001,0.785394,0.696066,,,,,,
0.1,0.001,0.001,0.1,0.785393,0.00739115,,,,,,
0.1,0.01,0.01,0.01,0.785393,0.0669064,,,,,,
0.1,0.1,0.1,0.001,0.785393,0.673258,,,,,,
0.1,0.1,0.2,0.001,0.78539,0.701189,,,,,,
0.1,0.1,0.4,0.001,0.785384,0.666696,,,,,,
0.1,0.001,0.005,0.1,0.785381,0.00990373,,,,,,
0.1,0.01,0.05,0.01,0.785381,0.0717304,,,,,,
0.1,0.001,0.01,0.1,0.785367,0.00664767,,,,,,
0.1,0.01,0.1,0.01,0.785367,0.0678375,,,,,,
0.1,0.01,0.2,0.01,0.78534,0.0698892,,,,,,
0.1,0.01,0.4,0.01,0.785284,0.069167,,,,,,
0.1,0.001,0.05,0.1,0.785256,0.0072849,,,,,,
0.1,0.001,0.1,0.1,0.785118,0.00715711,,,,,,
0.1,0.001,0.2,0.1,0.784841,0.00706658,,,,,,
0.05,0.01,0.001,0.01,0.784131,0.0673773,,,,,,
0.05,0.1,0.01,0.001,0.784131,0.668763,,,,,,
0.05,0.1,0.005,0.001,0.784131,0.691125,,,,,,
0.05,0.1,0.001,0.001,0.784131,0.698797,,,,,,
0.05,0.01,0.005,0.01,0.78413,0.0696409,,,,,,
0.05,0.1,0.05,0.001,0.78413,0.698853,,,,,,
0.05,0.001,0.001,0.1,0.784128,0.00685023,,,,,,
0.05,0.01,0.01,0.01,0.784128,0.0657971,,,,,,
0.05,0.1,0.1,0.001,0.784128,0.690243,,,,,,
0.05,0.1,0.2,0.001,0.784125,0.694712,,,,,,
0.05,0.1,0.4,0.001,0.784119,0.679377,,,,,,
0.05,0.001,0.005,0.1,0.784116,0.00734533,,,,,,
0.05,0.01,0.05,0.01,0.784116,0.0679889,,,,,,
0.05,0.001,0.01,0.1,0.784101,0.00650521,,,,,,
0.05,0.01,0.1,0.01,0.784101,0.0694079,,,,,,
0.05,0.01,0.2,0.01,0.78407,0.0706452,,,,,,
0.05,0.01,0.4,0.01,0.78401,0.0673808,,,,,,
0.05,0.001,0.05,0.1,0.78398,0.00709972,,,,,,
0.1,0.001,0.4,0.1,0.783951,0.00692145,,,,,,
0.05,0.001,0.1,0.1,0.783829,0.00692559,,,,,,
0.05,0.001,0.2,0.1,0.783526,0.00735295,,,,,,
0.01,0.1,0.001,0.001,0.78312,0.691657,,,,,,
0.01,0.1,0.005,0.001,0.78312,0.703829,,,,,,
0.01,0.01,0.001,0.01,0.783119,0.0672641,,,,,,
0.01,0.1,0.01,0.001,0.783119,0.695789,,,,,,
0.01,0.01,0.005,0.01,0.783118,0.0665129,,,,,,
0.01,0.1,0.05,0.001,0.783118,0.686814,,,,,,
0.01,0.001,0.001,0.1,0.783116,0.00724719,,,,,,
0.01,0.01,0.01,0.01,0.783116,0.0660853,,,,,,
0.01,0.1,0.1,0.001,0.783116,0.708031,,,,,,
0.01,0.1,0.2,0.001,0.783113,0.699795,,,,,,
0.01,0.1,0.4,0.001,0.783107,0.696456,,,,,,
0.01,0.001,0.005,0.1,0.783104,0.0067243,,,,,,
0.01,0.01,0.05,0.01,0.783104,0.0693689,,,,,,
0.01,0.001,0.01,0.1,0.783087,0.00662324,,,,,,
0.01,0.01,0.1,0.01,0.783087,0.0671833,,,,,,
0.01,0.01,0.2,0.01,0.783055,0.0677951,,,,,,
0.1,0.001,0.01,0.001,0.783034,0.674722,,,,,,
0.01,0.001,0.001,0.001,0.783034,0.679567,,,,,,
0.05,0.001,0.005,0.001,0.783034,0.685477,,,,,,
0.01,0.001,0.005,0.001,0.783034,0.69424,,,,,,
0.1,0.001,0.001,0.001,0.783034,0.695812,,,,,,
0.1,0.001,0.005,0.001,0.783034,0.696588,,,,,,
0.05,0.001,0.001,0.001,0.783034,0.698322,,,,,,
0.05,0.001,0.01,0.001,0.783034,0.698996,,,,,,
0.01,0.001,0.01,0.001,0.783034,0.700482,,,,,,
0.5,0.001,0.01,0.001,0.783033,0.683225,,,,,,
0.3,0.001,0.01,0.001,0.783033,0.683911,,,,,,
0.5,0.001,0.005,0.001,0.783033,0.693139,,,,,,
0.5,0.001,0.001,0.001,0.783033,0.698459,,,,,,
0.3,0.001,0.005,0.001,0.783033,0.698835,,,,,,
0.3,0.001,0.001,0.001,0.783033,0.700225,,,,,,
0.01,0.001,0.05,0.001,0.783032,0.676708,,,,,,
0.05,0.001,0.05,0.001,0.783032,0.680982,,,,,,
0.3,0.001,0.05,0.001,0.783032,0.690629,,,,,,
0.1,0.001,0.05,0.001,0.783032,0.697468,,,,,,
0.5,0.001,0.05,0.001,0.783031,0.688923,,,,,,
0.1,0.001,0.1,0.001,0.783031,0.695462,,,,,,
0.01,0.001,0.1,0.001,0.783031,0.698362,,,,,,
0.05,0.001,0.1,0.001,0.783031,0.700921,,,,,,
0.3,0.001,0.1,0.001,0.78303,0.695758,,,,,,
0.5,0.001,0.1,0.001,0.78303,0.699479,,,,,,
0.05,0.001,0.001,0.005,0.783027,0.138522,,,,,,
0.01,0.001,0.001,0.005,0.783027,0.142633,,,,,,
0.01,0.005,0.01,0.001,0.783027,0.668913,,,,,,
0.05,0.005,0.001,0.001,0.783027,0.686028,,,,,,
0.01,0.005,0.001,0.001,0.783027,0.691933,,,,,,
0.01,0.005,0.005,0.001,0.783027,0.694138,,,,,,
0.05,0.001,0.2,0.001,0.783027,0.694603,,,,,,
0.5,0.001,0.2,0.001,0.783027,0.695601,,,,,,
0.05,0.005,0.005,0.001,0.783027,0.696757,,,,,,
0.1,0.001,0.2,0.001,0.783027,0.697764,,,,,,
0.01,0.001,0.2,0.001,0.783027,0.700825,,,,,,
0.3,0.001,0.2,0.001,0.783027,0.701356,,,,,,
0.1,0.001,0.001,0.005,0.783026,0.137377,,,,,,
0.01,0.001,0.005,0.005,0.783026,0.139406,,,,,,
0.05,0.001,0.005,0.005,0.783026,0.140027,,,,,,
0.1,0.001,0.005,0.005,0.783026,0.140744,,,,,,
0.01,0.001,0.01,0.005,0.783026,0.141256,,,,,,
0.1,0.005,0.01,0.001,0.783026,0.661872,,,,,,
0.01,0.005,0.05,0.001,0.783026,0.662787,,,,,,
0.1,0.005,0.001,0.001,0.783026,0.681531,,,,,,
0.05,0.005,0.01,0.001,0.783026,0.690738,,,,,,
0.1,0.005,0.005,0.001,0.783026,0.694805,,,,,,
0.1,0.001,0.01,0.005,0.783025,0.132722,,,,,,
0.05,0.001,0.01,0.005,0.783025,0.134544,,,,,,
0.05,0.005,0.05,0.001,0.783025,0.662878,,,,,,
0.3,0.005,0.001,0.001,0.783025,0.670171,,,,,,
0.1,0.005,0.05,0.001,0.783025,0.672414,,,,,,
0.3,0.001,0.005,0.005,0.783024,0.139607,,,,,,
0.3,0.001,0.001,0.005,0.783024,0.141329,,,,,,
0.3,0.005,0.01,0.001,0.783024,0.674364,,,,,,
0.01,0.005,0.1,0.001,0.783024,0.691556,,,,,,
0.3,0.005,0.005,0.001,0.783024,0.693325,,,,,,
0.05,0.005,0.1,0.001,0.783024,0.696862,,,,,,
0.5,0.001,0.001,0.005,0.783023,0.134995,,,,,,
0.3,0.001,0.01,0.005,0.783023,0.140509,,,,,,
0.3,0.005,0.05,0.001,0.783023,0.660483,,,,,,
0.5,0.005,0.01,0.001,0.783023,0.695014,,,,,,
0.1,0.005,0.1,0.001,0.783023,0.697306,,,,,,
0.5,0.005,0.005,0.001,0.783023,0.697458,,,,,,
0.5,0.005,0.001,0.001,0.783023,0.697574,,,,,,
0.5,0.001,0.005,0.005,0.783022,0.140484,,,,,,
0.5,0.001,0.01,0.005,0.783021,0.135657,,,,,,
0.5,0.005,0.05,0.001,0.783021,0.683986,,,,,,
0.1,0.001,0.4,0.001,0.783021,0.692856,,,,,,
0.01,0.001,0.4,0.001,0.783021,0.693742,,,,,,
0.01,0.005,0.2,0.001,0.783021,0.69695,,,,,,
0.05,0.001,0.4,0.001,0.783021,0.697549,,,,,,
0.3,0.005,0.1,0.001,0.783021,0.714593,,,,,,
0.1,0.005,0.2,0.001,0.78302,0.694297,,,,,,
0.5,0.001,0.4,0.001,0.78302,0.696314,,,,,,
0.3,0.001,0.4,0.001,0.78302,0.69657,,,,,,
0.5,0.005,0.1,0.001,0.78302,0.698991,,,,,,
0.05,0.005,0.2,0.001,0.78302,0.7006,,,,,,
0.05,0.001,0.05,0.005,0.783019,0.140158,,,,,,
0.01,0.001,0.05,0.005,0.783019,0.140235,,,,,,
0.01,0.01,0.001,0.001,0.783019,0.705255,,,,,,
0.05,0.001,0.001,0.01,0.783018,0.0656611,,,,,,
0.01,0.001,0.001,0.01,0.783018,0.07118,,,,,,
0.1,0.001,0.05,0.005,0.783018,0.140323,,,,,,
0.01,0.01,0.01,0.001,0.783018,0.668913,,,,,,
0.3,0.005,0.2,0.001,0.783018,0.693247,,,,,,
0.05,0.01,0.01,0.001,0.783018,0.694361,,,,,,
0.01,0.01,0.005,0.001,0.783018,0.694723,,,,,,
0.05,0.01,0.005,0.001,0.783018,0.696554,,,,,,
0.05,0.01,0.001,0.001,0.783018,0.708831,,,,,,
0.1,0.001,0.001,0.01,0.783017,0.0676471,,,,,,
0.01,0.001,0.005,0.01,0.783017,0.0719207,,,,,,
0.01,0.01,0.05,0.001,0.783017,0.673322,,,,,,
0.1,0.01,0.01,0.001,0.783017,0.685089,,,,,,
0.1,0.01,0.001,0.001,0.783017,0.698297,,,,,,
0.1,0.01,0.005,0.001,0.783017,0.702394,,,,,,
0.05,0.001,0.005,0.01,0.783016,0.0709318,,,,,,
0.3,0.001,0.05,0.005,0.783016,0.139022,,,,,,
0.5,0.005,0.2,0.001,0.783016,0.681373,,,,,,
0.05,0.01,0.05,0.001,0.783016,0.688396,,,,,,
0.1,0.001,0.005,0.01,0.783015,0.0671922,,,,,,
0.05,0.001,0.01,0.01,0.783015,0.0673857,,,,,,
0.01,0.001,0.01,0.01,0.783015,0.0676615,,,,,,
0.5,0.001,0.05,0.005,0.783015,0.138195,,,,,,
0.05,0.01,0.1,0.001,0.783015,0.671937,,,,,,
0.1,0.01,0.05,0.001,0.783015,0.68845,,,,,,
0.01,0.01,0.1,0.001,0.783015,0.689508,,,,,,
0.1,0.001,0.01,0.01,0.783014,0.0680581,,,,,,
0.1,0.01,0.1,0.001,0.783014,0.670913,,,,,,
0.05,0.005,0.4,0.001,0.783014,0.692748,,,,,,
0.01,0.005,0.4,0.001,0.783014,0.694316,,,,,,
0.3,0.01,0.001,0.001,0.783014,0.696861,,,,,,
0.3,0.001,0.001,0.01,0.783013,0.0675295,,,,,,
0.3,0.01,0.01,0.001,0.783013,0.680756,,,,,,
0.1,0.005,0.4,0.001,0.783013,0.695656,,,,,,
0.3,0.01,0.005,0.001,0.783013,0.71268,,,,,,
0.3,0.001,0.005,0.01,0.783012,0.0717286,,,,,,
0.3,0.01,0.05,0.001,0.783012,0.686649,,,,,,
0.01,0.01,0.2,0.001,0.783012,0.690317,,,,,,
0.01,0.001,0.1,0.005,0.783011,0.141997,,,,,,
0.05,0.01,0.2,0.001,0.783011,0.691583,,,,,,
0.3,0.005,0.4,0.001,0.783011,0.695266,,,,,,
0.3,0.001,0.01,0.01,0.78301,0.0677389,,,,,,
0.5,0.001,0.001,0.01,0.78301,0.0712519,,,,,,
0.05,0.001,0.1,0.005,0.78301,0.139295,,,,,,
0.1,0.001,0.1,0.005,0.78301,0.142736,,,,,,
0.1,0.01,0.2,0.001,0.78301,0.654754,,,,,,
0.5,0.01,0.001,0.001,0.78301,0.693654,,,,,,
0.5,0.01,0.01,0.001,0.78301,0.694719,,,,,,
0.3,0.01,0.1,0.001,0.78301,0.695342,,,,,,
0.5,0.005,0.4,0.001,0.78301,0.69596,,,,,,
0.5,0.01,0.005,0.001,0.78301,0.69967,,,,,,
0.5,0.001,0.005,0.01,0.783008,0.0716974,,,,,,
0.3,0.001,0.1,0.005,0.783008,0.142992,,,,,,
0.5,0.01,0.05,0.001,0.783008,0.680746,,,,,,
0.5,0.001,0.01,0.01,0.783007,0.0676276,,,,,,
0.3,0.01,0.2,0.001,0.783007,0.6962,,,,,,
0.5,0.01,0.1,0.001,0.783007,0.696603,,,,,,
0.5,0.001,0.1,0.005,0.783006,0.135274,,,,,,
0.05,0.01,0.4,0.001,0.783005,0.697285,,,,,,
0.01,0.01,0.4,0.001,0.783005,0.707797,,,,,,
0.1,0.01,0.4,0.001,0.783004,0.688279,,,,,,
0.5,0.01,0.2,0.001,0.783003,0.663294,,,,,,
0.01,0.001,0.05,0.01,0.783002,0.069503,,,,,,
0.05,0.001,0.05,0.01,0.783001,0.0671024,,,,,,
0.1,0.001,0.05,0.01,0.783001,0.0682864,,,,,,
0.3,0.01,0.4,0.001,0.783,0.687886,,,,,,
0.3,0.001,0.05,0.01,0.782997,0.0724404,,,,,,
0.5,0.01,0.4,0.001,0.782997,0.693278,,,,,,
0.5,0.001,0.05,0.01,0.782994,0.0716252,,,,,,
0.01,0.001,0.2,0.005,0.782994,0.14172,,,,,,
0.05,0.001,0.2,0.005,0.782994,0.142194,,,,,,
0.01,0.005,0.001,0.005,0.782993,0.140673,,,,,,
0.1,0.001,0.2,0.005,0.782993,0.141365,,,,,,
0.01,0.005,0.005,0.005,0.782992,0.139495,,,,,,
0.3,0.001,0.2,0.005,0.782992,0.140562,,,,,,
0.01,0.01,0.4,0.01,0.782991,0.07159,,,,,,
0.05,0.005,0.001,0.005,0.782991,0.13747,,,,,,
0.01,0.005,0.01,0.005,0.782991,0.140004,,,,,,
0.5,0.001,0.2,0.005,0.78299,0.140606,,,,,,
0.05,0.005,0.005,0.005,0.78299,0.140791,,,,,,
0.05,0.005,0.01,0.005,0.78299,0.14151,,,,,,
0.1,0.005,0.001,0.005,0.782989,0.135317,,,,,,
0.1,0.005,0.005,0.005,0.782988,0.140035,,,,,,
0.1,0.005,0.01,0.005,0.782987,0.139306,,,,,,
0.01,0.001,0.1,0.01,0.782986,0.0703151,,,,,,
0.05,0.001,0.1,0.01,0.782985,0.0698852,,,,,,
0.01,0.005,0.05,0.005,0.782985,0.134161,,,,,,
0.1,0.001,0.1,0.01,0.782984,0.0701316,,,,,,
0.05,0.005,0.05,0.005,0.782983,0.13392,,,,,,
0.3,0.001,0.1,0.01,0.782981,0.070341,,,,,,
0.1,0.005,0.05,0.005,0.782981,0.134335,,,,,,
0.3,0.005,0.005,0.005,0.78298,0.137171,,,,,,
0.3,0.005,0.001,0.005,0.78298,0.141128,,,,,,
0.3,0.005,0.01,0.005,0.782979,0.140935,,,,,,
0.5,0.001,0.1,0.01,0.782977,0.0714095,,,,,,
0.01,0.005,0.1,0.005,0.782976,0.140713,,,,,,
0.05,0.005,0.1,0.005,0.782975,0.139264,,,,,,
0.1,0.005,0.1,0.005,0.782973,0.140045,,,,,,
0.5,0.005,0.001,0.005,0.782972,0.139794,,,,,,
0.3,0.005,0.05,0.005,0.782972,0.142058,,,,,,
0.5,0.005,0.005,0.005,0.782971,0.138343,,,,,,
0.5,0.005,0.01,0.005,0.78297,0.137279,,,,,,
0.3,0.005,0.1,0.005,0.782964,0.139967,,,,,,
0.5,0.005,0.05,0.005,0.782963,0.138279,,,,,,
0.01,0.001,0.4,0.005,0.782961,0.13804,,,,,,
0.05,0.001,0.4,0.005,0.782961,0.14213,,,,,,
0.01,0.005,0.2,0.005,0.78296,0.144202,,,,,,
0.1,0.001,0.4,0.005,0.78296,0.147761,,,,,,
0.3,0.001,0.4,0.005,0.782959,0.141131,,,,,,
0.01,0.001,0.05,0.1,0.782958,0.0077359,,,,,,
0.05,0.005,0.2,0.005,0.782958,0.142707,,,,,,
0.5,0.001,0.4,0.005,0.782957,0.137607,,,,,,
0.1,0.005,0.2,0.005,0.782956,0.139112,,,,,,
0.5,0.005,0.1,0.005,0.782955,0.139677,,,,,,
0.01,0.001,0.2,0.01,0.782953,0.0678472,,,,,,
0.05,0.001,0.2,0.01,0.782952,0.0693021,,,,,,
0.1,0.001,0.2,0.01,0.782951,0.0713041,,,,,,
0.01,0.005,0.001,0.01,0.78295,0.0722614,,,,,,
0.01,0.01,0.001,0.005,0.78295,0.1417,,,,,,
0.01,0.05,0.01,0.001,0.78295,0.687523,,,,,,
0.01,0.05,0.005,0.001,0.78295,0.687822,,,,,,
0.01,0.05,0.001,0.001,0.78295,0.693704,,,,,,
0.01,0.005,0.005,0.01,0.782949,0.0704762,,,,,,
0.01,0.01,0.005,0.005,0.782949,0.140386,,,,,,
0.01,0.01,0.01,0.005,0.782949,0.140814,,,,,,
0.01,0.05,0.05,0.001,0.782949,0.663052,,,,,,
0.3,0.001,0.2,0.01,0.782948,0.0680818,,,,,,
0.01,0.005,0.01,0.01,0.782947,0.0703986,,,,,,
0.05,0.01,0.001,0.005,0.782947,0.139433,,,,,,
0.3,0.005,0.2,0.005,0.782947,0.139829,,,,,,
0.05,0.05,0.001,0.001,0.782947,0.675695,,,,,,
0.05,0.05,0.005,0.001,0.782947,0.692955,,,,,,
0.01,0.05,0.1,0.001,0.782947,0.694046,,,,,,
0.05,0.005,0.001,0.01,0.782946,0.0705488,,,,,,
0.05,0.01,0.005,0.005,0.782946,0.139455,,,,,,
0.05,0.05,0.01,0.001,0.782946,0.690039,,,,,,
0.05,0.005,0.005,0.01,0.782945,0.0701304,,,,,,
0.05,0.01,0.01,0.005,0.782945,0.139532,,,,,,
0.05,0.05,0.05,0.001,0.782945,0.712144,,,,,,
0.5,0.001,0.2,0.01,0.782944,0.0721412,,,,,,
0.05,0.005,0.01,0.01,0.782944,0.0721698,,,,,,
0.01,0.05,0.2,0.001,0.782944,0.665703,,,,,,
0.05,0.05,0.1,0.001,0.782944,0.695485,,,,,,
0.1,0.005,0.001,0.01,0.782942,0.0693416,,,,,,
0.01,0.01,0.05,0.005,0.782942,0.133658,,,,,,
0.1,0.01,0.001,0.005,0.782942,0.138876,,,,,,
0.1,0.01,0.005,0.005,0.782942,0.139973,,,,,,
0.1,0.05,0.001,0.001,0.782942,0.685756,,,,,,
0.1,0.05,0.005,0.001,0.782942,0.697099,,,,,,
0.1,0.05,0.01,0.001,0.782942,0.698087,,,,,,
0.1,0.005,0.005,0.01,0.782941,0.0758753,,,,,,
0.1,0.01,0.01,0.005,0.782941,0.142209,,,,,,
0.1,0.05,0.05,0.001,0.782941,0.69865,,,,,,
0.05,0.05,0.2,0.001,0.78294,0.689228,,,,,,
0.1,0.005,0.01,0.01,0.782939,0.0694253,,,,,,
0.5,0.005,0.2,0.005,0.782939,0.139002,,,,,,
0.05,0.01,0.05,0.005,0.782939,0.13946,,,,,,
0.1,0.05,0.1,0.001,0.782939,0.696758,,,,,,
0.01,0.05,0.4,0.001,0.782937,0.689086,,,,,,
0.1,0.05,0.2,0.001,0.782936,0.697836,,,,,,
0.01,0.005,0.05,0.01,0.782934,0.0693917,,,,,,
0.1,0.01,0.05,0.005,0.782934,0.135336,,,,,,
0.01,0.01,0.1,0.005,0.782934,0.14249,,,,,,
0.05,0.05,0.4,0.001,0.782934,0.696491,,,,,,
0.05,0.005,0.05,0.01,0.78293,0.072833,,,,,,
0.05,0.01,0.1,0.005,0.78293,0.141739,,,,,,
0.1,0.05,0.4,0.001,0.782929,0.697299,,,,,,
0.01,0.005,0.4,0.005,0.782927,0.141144,,,,,,
0.1,0.005,0.05,0.01,0.782926,0.0720189,,,,,,
0.1,0.01,0.1,0.005,0.782926,0.135345,,,,,,
0.3,0.005,0.001,0.01,0.782925,0.06889,,,,,,
0.05,0.005,0.4,0.005,0.782925,0.132136,,,,,,
0.3,0.01,0.001,0.005,0.782925,0.135944,,,,,,
0.3,0.05,0.005,0.001,0.782925,0.670062,,,,,,
0.3,0.05,0.01,0.001,0.782925,0.692318,,,,,,
0.3,0.05,0.001,0.001,0.782925,0.697505,,,,,,
0.3,0.01,0.005,0.005,0.782924,0.141347,,,,,,
0.3,0.005,0.005,0.01,0.782923,0.0669941,,,,,,
0.1,0.005,0.4,0.005,0.782923,0.135105,,,,,,
0.3,0.01,0.01,0.005,0.782923,0.13896,,,,,,
0.3,0.05,0.05,0.001,0.782923,0.696633,,,,,,
0.3,0.005,0.01,0.01,0.782922,0.0678719,,,,,,
0.3,0.05,0.1,0.001,0.782922,0.700162,,,,,,
0.3,0.05,0.2,0.001,0.782919,0.69758,,,,,,
0.01,0.005,0.1,0.01,0.782917,0.0704654,,,,,,
0.01,0.01,0.2,0.005,0.782917,0.142071,,,,,,
0.3,0.01,0.05,0.005,0.782917,0.142856,,,,,,
0.05,0.005,0.1,0.01,0.782914,0.0722854,,,,,,
0.05,0.01,0.2,0.005,0.782914,0.139735,,,,,,
0.3,0.005,0.4,0.005,0.782914,0.140944,,,,,,
0.3,0.05,0.4,0.001,0.782912,0.704582,,,,,,
0.1,0.005,0.1,0.01,0.78291,0.0668963,,,,,,
0.1,0.01,0.2,0.005,0.78291,0.138422,,,,,,
0.3,0.005,0.05,0.01,0.782909,0.0713924,,,,,,
0.3,0.01,0.1,0.005,0.782909,0.145153,,,,,,
0.5,0.01,0.001,0.005,0.782908,0.140843,,,,,,
0.5,0.05,0.001,0.001,0.782908,0.693212,,,,,,
0.5,0.05,0.005,0.001,0.782908,0.695792,,,,,,
0.5,0.005,0.001,0.01,0.782907,0.0729185,,,,,,
0.5,0.01,0.005,0.005,0.782907,0.136001,,,,,,
0.5,0.05,0.01,0.001,0.782907,0.693643,,,,,,
0.5,0.005,0.005,0.01,0.782906,0.070445,,,,,,
0.5,0.01,0.01,0.005,0.782906,0.135755,,,,,,
0.5,0.005,0.4,0.005,0.782906,0.140201,,,,,,
0.5,0.05,0.05,0.001,0.782906,0.700196,,,,,,
0.5,0.005,0.01,0.01,0.782904,0.0685486,,,,,,
0.5,0.05,0.1,0.001,0.782904,0.699673,,,,,,
0.5,0.05,0.2,0.001,0.782901,0.702393,,,,,,
0.5,0.01,0.05,0.005,0.7829,0.140698,,,,,,
0.5,0.05,0.4,0.001,0.782895,0.692659,,,,,,
0.3,0.005,0.1,0.01,0.782892,0.0728721,,,,,,
0.3,0.01,0.2,0.005,0.782892,0.141615,,,,,,
0.5,0.005,0.05,0.01,0.782891,0.0715352,,,,,,
0.5,0.01,0.1,0.005,0.782891,0.137684,,,,,,
0.01,0.001,0.4,0.01,0.782887,0.0671546,,,,,,
0.05,0.001,0.4,0.01,0.782886,0.0672763,,,,,,
0.1,0.001,0.4,0.01,0.782885,0.0673338,,,,,,
0.01,0.005,0.2,0.01,0.782884,0.0670853,,,,,,
0.01,0.01,0.4,0.005,0.782884,0.141628,,,,,,
0.3,0.001,0.4,0.01,0.782882,0.0673471,,,,,,
0.05,0.005,0.2,0.01,0.782881,0.0692376,,,,,,
0.05,0.01,0.4,0.005,0.782881,0.141146,,,,,,
0.5,0.001,0.4,0.01,0.782878,0.0705932,,,,,,
0.1,0.005,0.2,0.01,0.782877,0.0702129,,,,,,
0.1,0.01,0.4,0.005,0.782877,0.134385,,,,,,
0.5,0.005,0.1,0.01,0.782875,0.0723643,,,,,,
0.5,0.01,0.2,0.005,0.782875,0.136632,,,,,,
0.3,0.005,0.2,0.01,0.782859,0.0721613,,,,,,
0.3,0.01,0.4,0.005,0.782859,0.141954,,,,,,
0.5,0.005,0.2,0.01,0.782842,0.0714395,,,,,,
0.5,0.01,0.4,0.005,0.782842,0.139351,,,,,,
0.01,0.005,0.4,0.01,0.782819,0.0676889,,,,,,
0.05,0.005,0.4,0.01,0.782815,0.0693,,,,,,
0.1,0.005,0.4,0.01,0.782811,0.0679417,,,,,,
0.01,0.001,0.1,0.1,0.782798,0.00723158,,,,,,
0.3,0.005,0.4,0.01,0.782794,0.0685856,,,,,,
0.5,0.005,0.4,0.01,0.782776,0.0685859,,,,,,
0.05,0.001,0.4,0.1,0.782586,0.00776341,,,,,,
0.01,0.001,0.2,0.1,0.782475,0.00765751,,,,,,
0.01,0.001,0.4,0.1,0.781494,0.00795128,,,,,,
0.5,0.2,0.01,0.001,0.77935,0.692333,,,,,,
0.5,0.2,0.001,0.001,0.77935,0.692379,,,,,,
0.5,0.2,0.005,0.001,0.77935,0.695245,,,,,,
0.5,0.2,0.05,0.001,0.779349,0.694352,,,,,,
0.5,0.2,0.1,0.001,0.779349,0.701417,,,,,,
0.5,0.2,0.2,0.001,0.779348,0.692021,,,,,,
0.5,0.2,0.4,0.001,0.779347,0.693749,,,,,,
0.3,0.2,0.001,0.001,0.773549,0.697194,,,,,,
0.3,0.2,0.005,0.001,0.773549,0.702231,,,,,,
0.3,0.2,0.05,0.001,0.773548,0.691927,,,,,,
0.3,0.2,0.01,0.001,0.773548,0.697246,,,,,,
0.3,0.2,0.1,0.001,0.773547,0.693057,,,,,,
0.3,0.2,0.2,0.001,0.773545,0.700746,,,,,,
0.3,0.2,0.4,0.001,0.773542,0.695085,,,,,,
0.1,0.2,0.001,0.001,0.767745,0.670684,,,,,,
0.1,0.2,0.01,0.001,0.767745,0.690587,,,,,,
0.1,0.2,0.005,0.001,0.767745,0.694645,,,,,,
0.1,0.2,0.05,0.001,0.767743,0.695898,,,,,,
0.1,0.2,0.1,0.001,0.767742,0.697088,,,,,,
0.1,0.2,0.2,0.001,0.767739,0.687013,,,,,,
0.1,0.2,0.4,0.001,0.767734,0.694939,,,,,,
0.05,0.2,0.005,0.001,0.766293,0.667779,,,,,,
0.05,0.2,0.01,0.001,0.766293,0.691965,,,,,,
0.05,0.2,0.001,0.001,0.766293,0.702852,,,,,,
0.05,0.2,0.05,0.001,0.766292,0.695977,,,,,,
0.05,0.2,0.1,0.001,0.76629,0.691048,,,,,,
0.05,0.2,0.2,0.001,0.766287,0.693773,,,,,,
0.05,0.2,0.4,0.001,0.766281,0.693746,,,,,,
0.5,0.05,0.001,0.005,0.765118,0.136205,,,,,,
0.5,0.05,0.005,0.005,0.765118,0.142902,,,,,,
0.5,0.05,0.01,0.005,0.765117,0.138915,,,,,,
0.5,0.05,0.05,0.005,0.765114,0.135591,,,,,,
0.5,0.05,0.1,0.005,0.765109,0.132208,,,,,,
0.5,0.05,0.2,0.005,0.7651,0.137917,,,,,,
0.5,0.05,0.4,0.005,0.765081,0.139561,,,,,,
0.3,0.05,0.001,0.005,0.764975,0.141802,,,,,,
0.3,0.05,0.005,0.005,0.764975,0.143661,,,,,,
0.3,0.05,0.01,0.005,0.764974,0.141783,,,,,,
0.3,0.05,0.05,0.005,0.764969,0.136269,,,,,,
0.3,0.05,0.1,0.005,0.764963,0.137811,,,,,,
0.3,0.05,0.2,0.005,0.764951,0.134616,,,,,,
0.3,0.05,0.4,0.005,0.764927,0.136008,,,,,,
0.1,0.05,0.001,0.005,0.75816,0.140323,,,,,,
0.1,0.05,0.005,0.005,0.758159,0.139989,,,,,,
0.1,0.05,0.01,0.005,0.758159,0.141348,,,,,,
0.1,0.05,0.05,0.005,0.758155,0.133907,,,,,,
0.1,0.05,0.1,0.005,0.75815,0.140539,,,,,,
0.1,0.05,0.2,0.005,0.758141,0.137898,,,,,,
0.1,0.05,0.4,0.005,0.758122,0.133921,,,,,,
0.01,0.2,0.001,0.001,0.756852,0.686553,,,,,,
0.01,0.2,0.005,0.001,0.756852,0.688304,,,,,,
0.01,0.2,0.01,0.001,0.756852,0.702573,,,,,,
0.01,0.2,0.05,0.001,0.75685,0.697919,,,,,,
0.01,0.2,0.1,0.001,0.756849,0.692521,,,,,,
0.01,0.2,0.2,0.001,0.756846,0.700744,,,,,,
0.01,0.2,0.4,0.001,0.756841,0.702277,,,,,,
0.05,0.05,0.001,0.005,0.752531,0.144568,,,,,,
0.05,0.05,0.01,0.005,0.75253,0.139679,,,,,,
0.05,0.05,0.005,0.005,0.75253,0.140552,,,,,,
0.05,0.05,0.05,0.005,0.752524,0.135072,,,,,,
0.05,0.05,0.1,0.005,0.752518,0.142108,,,,,,
0.05,0.05,0.2,0.005,0.752505,0.139573,,,,,,
0.05,0.05,0.4,0.005,0.75248,0.141859,,,,,,
0.01,0.05,0.001,0.005,0.748027,0.141181,,,,,,
0.01,0.05,0.005,0.005,0.748027,0.14256,,,,,,
0.01,0.05,0.01,0.005,0.748026,0.140207,,,,,,
0.01,0.05,0.05,0.005,0.74802,0.134378,,,,,,
0.01,0.05,0.1,0.005,0.748012,0.147436,,,,,,
0.01,0.05,0.2,0.005,0.747996,0.141636,,,,,,
0.01,0.05,0.4,0.005,0.747965,0.138466,,,,,,
0.5,0.4,0.001,0.001,0.710595,0.68,,,,,,
0.5,0.4,0.01,0.001,0.710595,0.701099,,,,,,
0.5,0.4,0.005,0.001,0.710595,0.703641,,,,,,
0.5,0.4,0.05,0.001,0.710593,0.693621,,,,,,
0.5,0.4,0.1,0.001,0.710592,0.683902,,,,,,
0.5,0.4,0.2,0.001,0.710589,0.689737,,,,,,
0.5,0.4,0.4,0.001,0.710582,0.68572,,,,,,
0.3,0.4,0.001,0.001,0.705628,0.681084,,,,,,
0.3,0.4,0.005,0.001,0.705628,0.687495,,,,,,
0.3,0.4,0.01,0.001,0.705628,0.697163,,,,,,
0.3,0.4,0.1,0.001,0.705627,0.6718,,,,,,
0.3,0.4,0.05,0.001,0.705627,0.696417,,,,,,
0.3,0.4,0.2,0.001,0.705625,0.69342,,,,,,
0.3,0.4,0.4,0.001,0.705623,0.689206,,,,,,
0.1,0.4,0.01,0.001,0.693198,0.700565,,,,,,
0.1,0.4,0.005,0.001,0.693198,0.702686,,,,,,
0.1,0.4,0.05,0.001,0.693198,0.71161,,,,,,
0.1,0.4,0.001,0.001,0.693198,0.734938,,,,,,
0.1,0.4,0.1,0.001,0.693197,0.681632,,,,,,
0.1,0.4,0.2,0.001,0.693196,0.696376,,,,,,
0.1,0.4,0.4,0.001,0.693193,0.672861,,,,,,
0.05,0.4,0.005,0.001,0.684212,0.703057,,,,,,
0.05,0.4,0.001,0.001,0.684212,0.706538,,,,,,
0.05,0.4,0.01,0.001,0.684212,0.706577,,,,,,
0.05,0.4,0.05,0.001,0.684211,0.713016,,,,,,
0.05,0.4,0.1,0.001,0.68421,0.686905,,,,,,
0.05,0.4,0.2,0.001,0.684208,0.666054,,,,,,
0.05,0.4,0.4,0.001,0.684203,0.689804,,,,,,
0.01,0.4,0.01,0.001,0.669605,0.662532,,,,,,
0.01,0.4,0.005,0.001,0.669605,0.695539,,,,,,
0.01,0.4,0.001,0.001,0.669605,0.703365,,,,,,
0.01,0.4,0.05,0.001,0.669604,0.69843,,,,,,
0.01,0.4,0.1,0.001,0.669603,0.695824,,,,,,
0.01,0.4,0.2,0.001,0.6696,0.669539,,,,,,
0.01,0.4,0.4,0.001,0.669595,0.679257,,,,,,
0.3,0.05,0.001,0.01,0.56766,0.0692395,,,,,,
0.3,0.1,0.001,0.005,0.56766,0.135874,,,,,,
0.3,0.1,0.005,0.005,0.567659,0.13588,,,,,,
0.3,0.05,0.005,0.01,0.567658,0.072027,,,,,,
0.3,0.1,0.01,0.005,0.567658,0.138789,,,,,,
0.3,0.005,0.001,0.1,0.567657,0.00696154,,,,,,
0.3,0.05,0.01,0.01,0.567657,0.0708002,,,,,,
0.3,0.1,0.05,0.005,0.567652,0.138916,,,,,,
0.3,0.005,0.005,0.1,0.567644,0.00696465,,,,,,
0.3,0.05,0.05,0.01,0.567644,0.071971,,,,,,
0.3,0.1,0.1,0.005,0.567644,0.135675,,,,,,
0.3,0.005,0.01,0.1,0.567628,0.00754639,,,,,,
0.3,0.05,0.1,0.01,0.567628,0.0689761,,,,,,
0.3,0.1,0.2,0.005,0.567628,0.145606,,,,,,
0.3,0.05,0.2,0.01,0.567596,0.0692509,,,,,,
0.3,0.1,0.4,0.005,0.567596,0.140929,,,,,,
0.3,0.05,0.4,0.01,0.567532,0.071019,,,,,,
0.3,0.005,0.05,0.1,0.5675,0.00701621,,,,,,
0.5,0.05,0.001,0.01,0.567489,0.0766347,,,,,,
0.5,0.1,0.001,0.005,0.567489,0.144525,,,,,,
0.5,0.1,0.005,0.005,0.567488,0.1409,,,,,,
0.5,0.05,0.005,0.01,0.567487,0.0700339,,,,,,
0.5,0.1,0.01,0.005,0.567487,0.139508,,,,,,
0.5,0.005,0.001,0.1,0.567486,0.00703945,,,,,,
0.5,0.05,0.01,0.01,0.567486,0.071609,,,,,,
0.5,0.1,0.05,0.005,0.567481,0.136552,,,,,,
0.5,0.005,0.005,0.1,0.567473,0.00743576,,,,,,
0.5,0.05,0.05,0.01,0.567473,0.0705208,,,,,,
0.5,0.1,0.1,0.005,0.567473,0.139187,,,,,,
0.5,0.005,0.01,0.1,0.567457,0.00761234,,,,,,
0.5,0.05,0.1,0.01,0.567457,0.06847,,,,,,
0.5,0.1,0.2,0.005,0.567457,0.136419,,,,,,
0.5,0.05,0.2,0.01,0.567425,0.0731755,,,,,,
0.5,0.1,0.4,0.005,0.567425,0.140789,,,,,,
0.5,0.05,0.4,0.01,0.567361,0.0710697,,,,,,
0.3,0.005,0.1,0.1,0.567341,0.0071931,,,,,,
0.5,0.005,0.05,0.1,0.567329,0.00884957,,,,,,
0.5,0.005,0.1,0.1,0.567171,0.00768167,,,,,,
0.3,0.005,0.2,0.1,0.567018,0.00698423,,,,,,
0.5,0.005,0.2,0.1,0.566848,0.00727156,,,,,,
0.3,0.005,0.4,0.1,0.566042,0.00691459,,,,,,
0.5,0.005,0.4,0.1,0.565873,0.00737393,,,,,,
0.1,0.05,0.001,0.01,0.564775,0.0718486,,,,,,
0.1,0.1,0.001,0.005,0.564775,0.149014,,,,,,
0.1,0.05,0.005,0.01,0.564774,0.0727672,,,,,,
0.1,0.1,0.01,0.005,0.564774,0.137491,,,,,,
0.1,0.1,0.005,0.005,0.564774,0.142293,,,,,,
0.1,0.005,0.001,0.1,0.564773,0.007123,,,,,,
0.1,0.05,0.01,0.01,0.564773,0.0671411,,,,,,
0.1,0.1,0.05,0.005,0.56477,0.131035,,,,,,
0.1,0.005,0.005,0.1,0.564765,0.00727347,,,,,,
0.1,0.05,0.05,0.01,0.564765,0.0725173,,,,,,
0.1,0.1,0.1,0.005,0.564765,0.134116,,,,,,
0.1,0.005,0.01,0.1,0.564756,0.00680791,,,,,,
0.1,0.05,0.1,0.01,0.564756,0.0681239,,,,,,
0.1,0.1,0.2,0.005,0.564756,0.140067,,,,,,
0.1,0.05,0.2,0.01,0.564737,0.0696529,,,,,,
0.1,0.1,0.4,0.005,0.564737,0.141883,,,,,,
0.1,0.05,0.4,0.01,0.564699,0.0699921,,,,,,
0.1,0.005,0.05,0.1,0.56468,0.007413,,,,,,
0.1,0.005,0.1,0.1,0.564586,0.00708904,,,,,,
0.1,0.005,0.2,0.1,0.564395,0.00694272,,,,,,
0.1,0.005,0.4,0.1,0.563683,0.00729242,,,,,,
0.05,0.05,0.001,0.01,0.557418,0.0711501,,,,,,
0.05,0.1,0.001,0.005,0.557418,0.134608,,,,,,
0.05,0.1,0.005,0.005,0.557418,0.141184,,,,,,
0.05,0.05,0.005,0.01,0.557417,0.0710508,,,,,,
0.05,0.1,0.01,0.005,0.557417,0.137322,,,,,,
0.05,0.005,0.001,0.1,0.557416,0.00728179,,,,,,
0.05,0.05,0.01,0.01,0.557416,0.066704,,,,,,
0.05,0.1,0.05,0.005,0.557412,0.134577,,,,,,
0.05,0.005,0.005,0.1,0.557405,0.00698992,,,,,,
0.05,0.05,0.05,0.01,0.557405,0.0692808,,,,,,
0.05,0.1,0.1,0.005,0.557405,0.140389,,,,,,
0.05,0.005,0.01,0.1,0.557393,0.00667824,,,,,,
0.05,0.05,0.1,0.01,0.557393,0.0675852,,,,,,
0.05,0.1,0.2,0.005,0.557393,0.139931,,,,,,
0.05,0.05,0.2,0.01,0.557367,0.0672712,,,,,,
0.05,0.1,0.4,0.005,0.557367,0.139206,,,,,,
0.05,0.05,0.4,0.01,0.557316,0.0685346,,,,,,
0.05,0.005,0.05,0.1,0.557291,0.00730242,,,,,,
0.05,0.005,0.1,0.1,0.557164,0.00724065,,,,,,
0.05,0.005,0.2,0.1,0.556906,0.00765244,,,,,,
0.05,0.005,0.4,0.1,0.556061,0.00711244,,,,,,
0.01,0.05,0.001,0.01,0.537743,0.0667052,,,,,,
0.01,0.1,0.001,0.005,0.537743,0.135852,,,,,,
0.01,0.1,0.005,0.005,0.537743,0.14172,,,,,,
0.01,0.05,0.005,0.01,0.537742,0.0700774,,,,,,
0.01,0.1,0.01,0.005,0.537742,0.133501,,,,,,
0.01,0.005,0.001,0.1,0.537741,0.0078463,,,,,,
0.01,0.05,0.01,0.01,0.537741,0.0671117,,,,,,
0.01,0.1,0.05,0.005,0.537736,0.141389,,,,,,
0.01,0.005,0.005,0.1,0.537729,0.00819929,,,,,,
0.01,0.05,0.05,0.01,0.537729,0.0676485,,,,,,
0.01,0.1,0.1,0.005,0.537729,0.14049,,,,,,
0.01,0.005,0.01,0.1,0.537715,0.00721203,,,,,,
0.01,0.05,0.1,0.01,0.537715,0.0683511,,,,,,
0.01,0.1,0.2,0.005,0.537715,0.141771,,,,,,
0.01,0.05,0.2,0.01,0.537687,0.0695826,,,,,,
0.01,0.1,0.4,0.005,0.537687,0.140337,,,,,,
0.01,0.05,0.4,0.01,0.537631,0.068055,,,,,,
0.01,0.005,0.05,0.1,0.537603,0.00758304,,,,,,
0.01,0.005,0.1,0.1,0.537463,0.00778042,,,,,,
0.01,0.005,0.2,0.1,0.537179,0.00774424,,,,,,
0.01,0.005,0.4,0.1,0.53628,0.00806937,,,,,,
0.5,0.01,0.2,0.1,0.447652,0.00726476,,,,,,
0.5,0.01,0.1,0.1,0.447637,0.0074078,,,,,,
0.5,0.01,0.05,0.1,0.447625,0.00720534,,,,,,
0.5,0.1,0.4,0.01,0.447623,0.0689542,,,,,,
0.5,0.1,0.2,0.01,0.447619,0.068889,,,,,,
0.5,0.2,0.4,0.005,0.447619,0.139036,,,,,,
0.5,0.01,0.01,0.1,0.447617,0.00772814,,,,,,
0.5,0.1,0.1,0.01,0.447617,0.0712403,,,,,,
0.5,0.2,0.2,0.005,0.447617,0.139902,,,,,,
0.5,0.01,0.005,0.1,0.447616,0.00779109,,,,,,
0.5,0.1,0.05,0.01,0.447616,0.0740033,,,,,,
0.5,0.2,0.1,0.005,0.447616,0.144551,,,,,,
0.5,0.01,0.001,0.1,0.447615,0.00663892,,,,,,
0.5,0.1,0.005,0.01,0.447615,0.0685508,,,,,,
0.5,0.1,0.01,0.01,0.447615,0.0704436,,,,,,
0.5,0.1,0.001,0.01,0.447615,0.0712992,,,,,,
0.5,0.2,0.05,0.005,0.447615,0.139979,,,,,,
0.5,0.2,0.001,0.005,0.447615,0.140199,,,,,,
0.5,0.2,0.005,0.005,0.447615,0.141007,,,,,,
0.5,0.2,0.01,0.005,0.447615,0.14237,,,,,,
0.5,0.01,0.4,0.1,0.44737,0.00719311,,,,,,
0.3,0.1,0.005,0.01,0.445421,0.0653865,,,,,,
0.3,0.1,0.001,0.01,0.445421,0.0725107,,,,,,
0.3,0.2,0.001,0.005,0.445421,0.140043,,,,,,
0.3,0.2,0.01,0.005,0.445421,0.14098,,,,,,
0.3,0.2,0.005,0.005,0.445421,0.14222,,,,,,
0.3,0.01,0.001,0.1,0.44542,0.00673322,,,,,,
0.3,0.1,0.01,0.01,0.44542,0.0669352,,,,,,
0.3,0.2,0.05,0.005,0.445418,0.141057,,,,,,
0.3,0.01,0.005,0.1,0.445416,0.00755545,,,,,,
0.3,0.1,0.05,0.01,0.445416,0.0683256,,,,,,
0.3,0.2,0.1,0.005,0.445416,0.140673,,,,,,
0.3,0.01,0.01,0.1,0.44541,0.00708682,,,,,,
0.3,0.1,0.1,0.01,0.44541,0.0672502,,,,,,
0.3,0.2,0.2,0.005,0.44541,0.139263,,,,,,
0.3,0.1,0.2,0.01,0.445399,0.0712036,,,,,,
0.3,0.2,0.4,0.005,0.445399,0.1437,,,,,,
0.3,0.1,0.4,0.01,0.445376,0.0678684,,,,,,
0.3,0.01,0.05,0.1,0.445365,0.00693391,,,,,,
0.3,0.01,0.1,0.1,0.44531,0.00723969,,,,,,
0.3,0.01,0.2,0.1,0.445192,0.00718155,,,,,,
0.3,0.01,0.4,0.1,0.444637,0.00694556,,,,,,
0.1,0.1,0.001,0.01,0.443216,0.0719201,,,,,,
0.1,0.2,0.001,0.005,0.443216,0.141004,,,,,,
0.1,0.2,0.005,0.005,0.443216,0.141219,,,,,,
0.1,0.1,0.005,0.01,0.443215,0.0709435,,,,,,
0.1,0.2,0.01,0.005,0.443215,0.14301,,,,,,
0.1,0.01,0.001,0.1,0.443214,0.00725586,,,,,,
0.1,0.1,0.01,0.01,0.443214,0.067961,,,,,,
0.1,0.2,0.05,0.005,0.44321,0.140137,,,,,,
0.1,0.01,0.005,0.1,0.443204,0.00746281,,,,,,
0.1,0.1,0.05,0.01,0.443204,0.0667968,,,,,,
0.1,0.2,0.1,0.005,0.443204,0.141481,,,,,,
0.1,0.01,0.01,0.1,0.443192,0.00766576,,,,,,
0.1,0.1,0.1,0.01,0.443192,0.0681138,,,,,,
0.1,0.2,0.2,0.005,0.443192,0.142292,,,,,,
0.1,0.1,0.2,0.01,0.443167,0.0685947,,,,,,
0.1,0.2,0.4,0.005,0.443167,0.143103,,,,,,
0.1,0.1,0.4,0.01,0.443118,0.0676412,,,,,,
0.1,0.01,0.05,0.1,0.443093,0.00750835,,,,,,
0.1,0.01,0.1,0.1,0.442971,0.00712456,,,,,,
0.1,0.01,0.2,0.1,0.442719,0.00715012,,,,,,
0.1,0.01,0.4,0.1,0.441893,0.00710648,,,,,,
0.05,0.1,0.001,0.01,0.440642,0.0706553,,,,,,
0.05,0.2,0.005,0.005,0.440642,0.139175,,,,,,
0.05,0.2,0.001,0.005,0.440642,0.141095,,,,,,
0.05,0.1,0.005,0.01,0.440641,0.0702836,,,,,,
0.05,0.2,0.01,0.005,0.440641,0.142236,,,,,,
0.05,0.01,0.001,0.1,0.44064,0.00711211,,,,,,
0.05,0.1,0.01,0.01,0.44064,0.0783209,,,,,,
0.05,0.2,0.05,0.005,0.440638,0.143235,,,,,,
0.05,0.01,0.005,0.1,0.440634,0.00731067,,,,,,
0.05,0.1,0.05,0.01,0.440634,0.0672281,,,,,,
0.05,0.2,0.1,0.005,0.440634,0.134759,,,,,,
0.05,0.01,0.01,0.1,0.440625,0.00710288,,,,,,
0.05,0.1,0.1,0.01,0.440625,0.0694518,,,,,,
0.05,0.2,0.2,0.005,0.440625,0.140993,,,,,,
0.05,0.1,0.2,0.01,0.440608,0.0699632,,,,,,
0.05,0.2,0.4,0.005,0.440608,0.137987,,,,,,
0.05,0.1,0.4,0.01,0.440574,0.0690748,,,,,,
0.05,0.01,0.05,0.1,0.440557,0.00735672,,,,,,
0.05,0.01,0.1,0.1,0.440474,0.00688679,,,,,,
0.05,0.01,0.2,0.1,0.4403,0.00734837,,,,,,
0.05,0.01,0.4,0.1,0.439628,0.00692882,,,,,,
0.01,0.1,0.001,0.01,0.427531,0.0712531,,,,,,
0.01,0.2,0.005,0.005,0.427531,0.140417,,,,,,
0.01,0.2,0.001,0.005,0.427531,0.141074,,,,,,
0.01,0.1,0.005,0.01,0.42753,0.0691832,,,,,,
0.01,0.2,0.01,0.005,0.42753,0.141086,,,,,,
0.01,0.01,0.001,0.1,0.427529,0.0072516,,,,,,
0.01,0.1,0.01,0.01,0.427529,0.0690639,,,,,,
0.01,0.2,0.05,0.005,0.427524,0.139482,,,,,,
0.01,0.01,0.005,0.1,0.427517,0.00708255,,,,,,
0.01,0.1,0.05,0.01,0.427517,0.0675641,,,,,,
0.01,0.2,0.1,0.005,0.427517,0.138947,,,,,,
0.01,0.01,0.01,0.1,0.427503,0.00732963,,,,,,
0.01,0.1,0.1,0.01,0.427503,0.0720171,,,,,,
0.01,0.2,0.2,0.005,0.427503,0.142096,,,,,,
0.01,0.1,0.2,0.01,0.427475,0.0674556,,,,,,
0.01,0.2,0.4,0.005,0.427475,0.141713,,,,,,
0.01,0.1,0.4,0.01,0.427418,0.0695314,,,,,,
0.01,0.01,0.05,0.1,0.427389,0.00703273,,,,,,
0.01,0.01,0.1,0.1,0.427248,0.00687545,,,,,,
0.01,0.01,0.2,0.1,0.426958,0.00715053,,,,,,
0.01,0.01,0.4,0.1,0.426054,0.00691932,,,,,,
0.05,0.4,0.001,0.005,0.351256,0.146365,,,,,,
0.05,0.2,0.001,0.01,0.351255,0.0727826,,,,,,
0.05,0.4,0.005,0.005,0.351255,0.141191,,,,,,
0.05,0.2,0.005,0.01,0.351254,0.0696474,,,,,,
0.05,0.4,0.01,0.005,0.351254,0.141456,,,,,,
0.05,0.2,0.01,0.01,0.351253,0.0702553,,,,,,
0.05,0.4,0.05,0.005,0.351249,0.142834,,,,,,
0.05,0.2,0.05,0.01,0.351242,0.0770901,,,,,,
0.05,0.4,0.1,0.005,0.351242,0.137017,,,,,,
0.05,0.2,0.1,0.01,0.351227,0.0696885,,,,,,
0.05,0.4,0.2,0.005,0.351227,0.140143,,,,,,
0.1,0.2,0.001,0.01,0.351224,0.0715424,,,,,,
0.1,0.4,0.005,0.005,0.351224,0.140381,,,,,,
0.1,0.4,0.001,0.005,0.351224,0.140928,,,,,,
0.1,0.2,0.005,0.01,0.351223,0.0676686,,,,,,
0.1,0.4,0.01,0.005,0.351223,0.136631,,,,,,
0.1,0.2,0.01,0.01,0.351222,0.0721492,,,,,,
0.1,0.4,0.05,0.005,0.351218,0.141367,,,,,,
0.1,0.2,0.05,0.01,0.351211,0.070639,,,,,,
0.1,0.4,0.1,0.005,0.351211,0.144501,,,,,,
0.05,0.2,0.2,0.01,0.351199,0.0672993,,,,,,
0.05,0.4,0.4,0.005,0.351199,0.132047,,,,,,
0.1,0.2,0.1,0.01,0.351198,0.0709456,,,,,,
0.1,0.4,0.2,0.005,0.351198,0.142277,,,,,,
0.1,0.2,0.2,0.01,0.351171,0.0707636,,,,,,
0.1,0.4,0.4,0.005,0.351171,0.136191,,,,,,
0.05,0.2,0.4,0.01,0.351143,0.0667646,,,,,,
0.1,0.2,0.4,0.01,0.351118,0.0675109,,,,,,
0.3,0.2,0.001,0.01,0.351093,0.0699348,,,,,,
0.3,0.4,0.005,0.005,0.351093,0.14182,,,,,,
0.3,0.4,0.001,0.005,0.351093,0.144537,,,,,,
0.3,0.2,0.005,0.01,0.351092,0.0671228,,,,,,
0.3,0.4,0.01,0.005,0.351092,0.13586,,,,,,
0.3,0.2,0.01,0.01,0.351091,0.0690443,,,,,,
0.3,0.4,0.05,0.005,0.351088,0.142215,,,,,,
0.3,0.2,0.05,0.01,0.351083,0.0675526,,,,,,
0.3,0.4,0.1,0.005,0.351083,0.141536,,,,,,
0.3,0.2,0.1,0.01,0.351073,0.0678688,,,,,,
0.3,0.4,0.2,0.005,0.351073,0.13982,,,,,,
0.3,0.2,0.2,0.01,0.351052,0.068773,,,,,,
0.3,0.4,0.4,0.005,0.351052,0.138752,,,,,,
0.3,0.2,0.4,0.01,0.351011,0.0703948,,,,,,
0.5,0.2,0.001,0.01,0.333096,0.0726779,,,,,,
0.5,0.4,0.001,0.005,0.333096,0.136778,,,,,,
0.5,0.4,0.005,0.005,0.333096,0.139372,,,,,,
0.5,0.2,0.005,0.01,0.333095,0.0693459,,,,,,
0.5,0.2,0.01,0.01,0.333095,0.0714852,,,,,,
0.5,0.4,0.01,0.005,0.333095,0.138078,,,,,,
0.5,0.4,0.05,0.005,0.333093,0.144055,,,,,,
0.5,0.2,0.05,0.01,0.333089,0.0678683,,,,,,
0.5,0.4,0.1,0.005,0.333089,0.137965,,,,,,
0.5,0.2,0.1,0.01,0.333082,0.0703441,,,,,,
0.5,0.4,0.2,0.005,0.333082,0.136483,,,,,,
0.5,0.2,0.2,0.01,0.333068,0.0720668,,,,,,
0.5,0.4,0.4,0.005,0.333068,0.136872,,,,,,
0.5,0.2,0.4,0.01,0.333039,0.0716996,,,,,,
0.05,0.4,0.001,0.01,0.330943,0.0670526,,,,,,
0.05,0.4,0.005,0.01,0.330942,0.0720438,,,,,,
0.05,0.4,0.01,0.01,0.330941,0.0719036,,,,,,
0.05,0.4,0.05,0.01,0.330931,0.0707389,,,,,,
0.05,0.4,0.1,0.01,0.330918,0.0680381,,,,,,
0.05,0.4,0.2,0.01,0.330893,0.0691154,,,,,,
0.05,0.4,0.4,0.01,0.330843,0.0668744,,,,,,
0.01,0.2,0.001,0.01,0.326104,0.0712027,,,,,,
0.01,0.4,0.005,0.005,0.326104,0.140027,,,,,,
0.01,0.4,0.001,0.005,0.326104,0.142657,,,,,,
0.01,0.2,0.005,0.01,0.326103,0.0669278,,,,,,
0.01,0.4,0.01,0.005,0.326103,0.140439,,,,,,
0.01,0.2,0.01,0.01,0.326102,0.0740468,,,,,,
0.01,0.4,0.05,0.005,0.326098,0.141805,,,,,,
0.01,0.2,0.05,0.01,0.326092,0.0680941,,,,,,
0.01,0.4,0.1,0.005,0.326092,0.138135,,,,,,
0.01,0.2,0.1,0.01,0.326081,0.0705979,,,,,,
0.01,0.4,0.2,0.005,0.326081,0.138448,,,,,,
0.01,0.2,0.2,0.01,0.326058,0.0678574,,,,,,
0.01,0.4,0.4,0.005,0.326058,0.130317,,,,,,
0.01,0.2,0.4,0.01,0.326011,0.0695972,,,,,,
0.01,0.4,0.001,0.01,0.317257,0.0675513,,,,,,
0.01,0.4,0.005,0.01,0.317256,0.070911,,,,,,
0.01,0.4,0.01,0.01,0.317254,0.0687434,,,,,,
0.01,0.4,0.05,0.01,0.317245,0.0677337,,,,,,
0.01,0.4,0.1,0.01,0.317233,0.0670623,,,,,,
0.01,0.4,0.2,0.01,0.317209,0.0698888,,,,,,
0.01,0.4,0.4,0.01,0.317162,0.0659121,,,,,,
0.1,0.4,0.001,0.01,0.313392,0.0682174,,,,,,
0.1,0.4,0.005,0.01,0.313391,0.0709356,,,,,,
0.1,0.4,0.01,0.01,0.31339,0.0727771,,,,,,
0.1,0.4,0.05,0.01,0.313381,0.0688914,,,,,,
0.1,0.4,0.1,0.01,0.31337,0.0656458,,,,,,
0.1,0.4,0.2,0.01,0.313347,0.0683413,,,,,,
0.1,0.4,0.4,0.01,0.313301,0.0701004,,,,,,
0.3,0.4,0.001,0.01,0.296743,0.0689139,,,,,,
0.3,0.4,0.005,0.01,0.296743,0.0693458,,,,,,
0.3,0.4,0.01,0.01,0.296742,0.0682669,,,,,,
0.3,0.4,0.05,0.01,0.296736,0.0662732,,,,,,
0.3,0.4,0.1,0.01,0.296729,0.066622,,,,,,
0.3,0.4,0.2,0.01,0.296714,0.071335,,,,,,
0.3,0.4,0.4,0.01,0.296685,0.0701321,,,,,,
0.5,0.4,0.005,0.01,0.280065,0.0693845,,,,,,
0.5,0.4,0.001,0.01,0.280065,0.071532,,,,,,
0.5,0.4,0.01,0.01,0.280065,0.074075,,,,,,
0.5,0.4,0.05,0.01,0.280062,0.0671215,,,,,,
0.5,0.4,0.1,0.01,0.280059,0.0716732,,,,,,
0.5,0.4,0.2,0.01,0.280053,0.0722179,,,,,,
0.5,0.4,0.4,0.01,0.28004,0.0692366,,,,,,
0.01,0.05,0.001,0.1,0.270681,0.00733134,,,,,,
0.01,0.05,0.005,0.1,0.270673,0.00806015,,,,,,
0.01,0.05,0.01,0.1,0.270664,0.00793012,,,,,,
0.01,0.05,0.05,0.1,0.270588,0.00688217,,,,,,
0.01,0.05,0.1,0.1,0.270494,0.00672023,,,,,,
0.01,0.05,0.2,0.1,0.270274,0.00714443,,,,,,
0.01,0.05,0.4,0.1,0.269556,0.00720041,,,,,,
0.1,0.05,0.001,0.1,0.263628,0.00736922,,,,,,
0.1,0.05,0.005,0.1,0.263621,0.00702136,,,,,,
0.1,0.05,0.01,0.1,0.263612,0.00670947,,,,,,
0.1,0.05,0.05,0.1,0.263542,0.00696224,,,,,,
0.1,0.05,0.1,0.1,0.263455,0.00684066,,,,,,
0.1,0.05,0.2,0.1,0.263248,0.00729706,,,,,,
0.1,0.05,0.4,0.1,0.262562,0.00685646,,,,,,
0.05,0.05,0.001,0.1,0.260785,0.00697044,,,,,,
0.05,0.05,0.005,0.1,0.260777,0.00717776,,,,,,
0.05,0.05,0.01,0.1,0.260766,0.00729662,,,,,,
0.05,0.05,0.05,0.1,0.260679,0.00746252,,,,,,
0.05,0.05,0.1,0.1,0.260572,0.00725742,,,,,,
0.05,0.05,0.2,0.1,0.260325,0.00730317,,,,,,
0.05,0.05,0.4,0.1,0.259555,0.00696674,,,,,,
0.3,0.05,0.001,0.1,0.237848,0.00713183,,,,,,
0.3,0.05,0.005,0.1,0.237838,0.00721775,,,,,,
0.3,0.05,0.01,0.1,0.237826,0.0072208,,,,,,
0.3,0.05,0.05,0.1,0.237727,0.0072411,,,,,,
0.3,0.05,0.1,0.1,0.237605,0.00698214,,,,,,
0.3,0.05,0.2,0.1,0.23732,0.00687613,,,,,,
0.3,0.05,0.4,0.1,0.236487,0.00710345,,,,,,
0.01,0.1,0.001,0.1,0.220242,0.00691194,,,,,,
0.01,0.1,0.005,0.1,0.220235,0.00688085,,,,,,
0.01,0.1,0.01,0.1,0.220226,0.0073359,,,,,,
0.01,0.1,0.05,0.1,0.220155,0.00677948,,,,,,
0.01,0.1,0.1,0.1,0.220066,0.00714423,,,,,,
0.01,0.1,0.2,0.1,0.219828,0.00835123,,,,,,
0.01,0.1,0.4,0.1,0.219131,0.00833415,,,,,,
0.5,0.05,0.001,0.1,0.218507,0.00709071,,,,,,
0.5,0.05,0.005,0.1,0.218497,0.00706619,,,,,,
0.5,0.05,0.01,0.1,0.218485,0.00753273,,,,,,
0.5,0.05,0.05,0.1,0.21839,0.00723196,,,,,,
0.5,0.05,0.1,0.1,0.21827,0.0079047,,,,,,
0.5,0.05,0.2,0.1,0.217987,0.00789917,,,,,,
0.5,0.05,0.4,0.1,0.217168,0.00717262,,,,,,
0.1,0.1,0.001,0.1,0.17995,0.00719093,,,,,,
0.1,0.1,0.005,0.1,0.179942,0.00754473,,,,,,
0.1,0.1,0.01,0.1,0.179932,0.00713734,,,,,,
0.1,0.1,0.05,0.1,0.179854,0.00718859,,,,,,
0.05,0.1,0.001,0.1,0.17979,0.00694736,,,,,,
0.05,0.1,0.005,0.1,0.179787,0.00713955,,,,,,
0.05,0.1,0.01,0.1,0.179783,0.00803336,,,,,,
0.1,0.1,0.1,0.1,0.179756,0.0072014,,,,,,
0.05,0.1,0.05,0.1,0.179749,0.0111888,,,,,,
0.05,0.1,0.1,0.1,0.179708,0.00798261,,,,,,
0.05,0.1,0.2,0.1,0.179564,0.00735299,,,,,,
0.1,0.1,0.2,0.1,0.179494,0.00720084,,,,,,
0.05,0.1,0.4,0.1,0.179059,0.00727717,,,,,,
0.1,0.1,0.4,0.1,0.178761,0.00753065,,,,,,
0.3,0.1,0.001,0.1,0.159526,0.00718047,,,,,,
0.3,0.1,0.005,0.1,0.159519,0.00707639,,,,,,
0.3,0.1,0.01,0.1,0.15951,0.00722109,,,,,,
0.3,0.1,0.05,0.1,0.159436,0.00671483,,,,,,
0.3,0.1,0.1,0.1,0.159344,0.00721253,,,,,,
0.3,0.1,0.2,0.1,0.159082,0.00716721,,,,,,
0.3,0.1,0.4,0.1,0.158372,0.00711698,,,,,,
0.01,0.2,0.001,0.1,0.142332,0.0073204,,,,,,
0.01,0.2,0.005,0.1,0.142328,0.00729673,,,,,,
0.01,0.2,0.01,0.1,0.142324,0.00758582,,,,,,
0.01,0.2,0.05,0.1,0.14229,0.00677206,,,,,,
0.01,0.2,0.1,0.1,0.142248,0.0071411,,,,,,
0.01,0.2,0.2,0.1,0.142045,0.00668054,,,,,,
0.01,0.2,0.4,0.1,0.141537,0.00891615,,,,,,
0.5,0.1,0.001,0.1,0.121248,0.0076144,,,,,,
0.5,0.1,0.005,0.1,0.121241,0.00789538,,,,,,
0.5,0.1,0.01,0.1,0.121233,0.00714548,,,,,,
0.5,0.1,0.05,0.1,0.121164,0.00668836,,,,,,
0.5,0.1,0.1,0.1,0.121078,0.00741967,,,,,,
0.5,0.1,0.2,0.1,0.120816,0.00693134,,,,,,
0.5,0.1,0.4,0.1,0.12013,0.00787015,,,,,,
0.05,0.2,0.1,0.1,0.118044,0.00730517,,,,,,
0.05,0.2,0.05,0.1,0.118041,0.0068492,,,,,,
0.05,0.2,0.01,0.1,0.118039,0.00756941,,,,,,
0.05,0.2,0.005,0.1,0.118038,0.00685542,,,,,,
0.05,0.2,0.001,0.1,0.118038,0.00713241,,,,,,
0.05,0.2,0.2,0.1,0.117927,0.00676503,,,,,,
0.05,0.2,0.4,0.1,0.1176,0.00731233,,,,,,
0.01,0.4,0.001,0.1,0.113174,0.00697859,,,,,,
0.01,0.4,0.005,0.1,0.113171,0.00665298,,,,,,
0.01,0.4,0.01,0.1,0.113169,0.00734961,,,,,,
0.01,0.4,0.05,0.1,0.113146,0.00683541,,,,,,
0.01,0.4,0.1,0.1,0.11306,0.00702007,,,,,,
0.01,0.4,0.2,0.1,0.112828,0.00722865,,,,,,
0.01,0.4,0.4,0.1,0.11237,0.00683677,,,,,,
0.1,0.2,0.001,0.1,0.101823,0.00734393,,,,,,
0.1,0.2,0.005,0.1,0.101819,0.00709816,,,,,,
0.1,0.2,0.01,0.1,0.101814,0.00729655,,,,,,
0.1,0.2,0.05,0.1,0.101775,0.00661423,,,,,,
0.1,0.2,0.1,0.1,0.101727,0.00689876,,,,,,
0.1,0.2,0.2,0.1,0.101502,0.00711164,,,,,,
0.1,0.2,0.4,0.1,0.100968,0.00710099,,,,,,
0.05,0.4,0.001,0.1,0.0949233,0.00744244,,,,,,
0.05,0.4,0.005,0.1,0.0949211,0.00725338,,,,,,
0.05,0.4,0.01,0.1,0.0949184,0.0072712,,,,,,
0.05,0.4,0.05,0.1,0.0948966,0.00665178,,,,,,
0.05,0.4,0.1,0.1,0.0948024,0.00722903,,,,,,
0.05,0.4,0.2,0.1,0.0945717,0.00700762,,,,,,
0.05,0.4,0.4,0.1,0.0941179,0.00727557,,,,,,
0.3,0.2,0.001,0.1,0.0801365,0.00744786,,,,,,
0.3,0.2,0.005,0.1,0.0801334,0.00718588,,,,,,
0.3,0.2,0.01,0.1,0.0801295,0.00753573,,,,,,
0.3,0.2,0.05,0.1,0.0800989,0.00725971,,,,,,
0.3,0.2,0.1,0.1,0.0800611,0.00707773,,,,,,
0.3,0.2,0.2,0.1,0.0798331,0.00744989,,,,,,
0.3,0.2,0.4,0.1,0.0793403,0.00706793,,,,,,
0.5,0.2,0.001,0.1,0.0779037,0.00716152,,,,,,
0.5,0.2,0.005,0.1,0.0779005,0.00758307,,,,,,
0.5,0.2,0.01,0.1,0.0778964,0.00728058,,,,,,
0.5,0.2,0.05,0.1,0.077864,0.00762866,,,,,,
0.5,0.2,0.1,0.1,0.0778238,0.00711045,,,,,,
0.5,0.2,0.2,0.1,0.0775674,0.00720816,,,,,,
0.5,0.2,0.4,0.1,0.0770596,0.00730515,,,,,,
0.1,0.4,0.001,0.1,0.0765749,0.00726158,,,,,,
0.1,0.4,0.005,0.1,0.0765728,0.00854214,,,,,,
0.1,0.4,0.01,0.1,0.0765702,0.00757049,,,,,,
0.1,0.4,0.05,0.1,0.0765492,0.00689542,,,,,,
0.1,0.4,0.1,0.1,0.0764451,0.00725998,,,,,,
0.1,0.4,0.2,0.1,0.0762166,0.007286,,,,,,
0.1,0.4,0.4,0.1,0.0757673,0.00690775,,,,,,
0.3,0.4,0.001,0.1,0.0567565,0.0069434,,,,,,
0.3,0.4,0.005,0.1,0.0567548,0.0081541,,,,,,
0.3,0.4,0.01,0.1,0.0567526,0.00740442,,,,,,
0.3,0.4,0.05,0.1,0.0567017,0.00679013,,,,,,
0.3,0.4,0.1,0.1,0.0565911,0.00730055,,,,,,
0.3,0.4,0.2,0.1,0.0563717,0.00969587,,,,,,
0.3,0.4,0.4,0.1,0.0559405,0.00666002,,,,,,
0.5,0.4,0.001,0.1,0.0548015,0.0075564,,,,,,
0.5,0.4,0.005,0.1,0.0548001,0.00843134,,,,,,
0.5,0.4,0.01,0.1,0.0547921,0.00730009,,,,,,
0.5,0.4,0.05,0.1,0.0547068,0.00672278,,,,,,
0.5,0.4,0.1,0.1,0.0546008,0.00753194,,,,,,
0.5,0.4,0.2,0.1,0.0543905,0.00667414,,,,,,
0.5,0.4,0.4,0.1,0.0539773,0.0066874,,,,,,
